<project>
    <shortName>Panconvert</shortName>
    <fullName>Panconvert</fullName>
    <version>0.2.8</version>
    <readmeFile>C:/Panconvert_Binaries/dist/Docs/readme.txt</readmeFile>
    <licenseFile>C:/Panconvert_Binaries/dist/Docs/license.txt</licenseFile>
    <allowLanguageSelection>1</allowLanguageSelection>
    <componentList>
        <component>
            <name>default</name>
            <description>Default Component</description>
            <canBeEdited>1</canBeEdited>
            <selected>1</selected>
            <show>1</show>
            <desktopShortcutList>
                <shortcut>
                    <comment></comment>
                    <exec>${installdir}/Panconvert_Linux64bit/Panconvert</exec>
                    <icon></icon>
                    <name>Panconvert</name>
                    <noPinToStart>0</noPinToStart>
                    <path>${installdir}/Panconvert_Linux64bit/</path>
                    <platforms>all</platforms>
                    <runAsAdmin>0</runAsAdmin>
                    <runInTerminal>0</runInTerminal>
                    <windowsExec>${installdir}/Panconvert_Win32/${product_fullname}.exe</windowsExec>
                    <windowsExecArgs></windowsExecArgs>
                    <windowsIcon></windowsIcon>
                    <windowsPath>${installdir}/Panconvert_Win32</windowsPath>
                </shortcut>
            </desktopShortcutList>
            <folderList>
                <folder>
                    <description>Program Files</description>
                    <destination>${installdir}</destination>
                    <name>programfiles</name>
                    <platforms>all</platforms>
                    <shortcutList>
                        <shortcut>
                            <comment>Uninstall</comment>
                            <exec>${installdir}/${uninstallerName}</exec>
                            <icon></icon>
                            <name>Uninstall ${product_fullname}</name>
                            <path>${installdir}</path>
                            <platforms>all</platforms>
                            <runAsAdmin>0</runAsAdmin>
                            <runInTerminal>0</runInTerminal>
                            <windowsExec>${installdir}/${uninstallerName}.exe</windowsExec>
                            <windowsExecArgs></windowsExecArgs>
                            <windowsIcon></windowsIcon>
                            <windowsPath>${installdir}</windowsPath>
                        </shortcut>
                    </shortcutList>
                </folder>
                <folder>
                    <description>Program Files</description>
                    <destination>${installdir}</destination>
                    <name>programfileslinux</name>
                    <platforms>linux-x64</platforms>
                    <distributionFileList>
                        <distributionDirectory>
                            <origin>C:/Panconvert_Binaries/dist/Panconvert_Linux64bit</origin>
                            <onPackingFilterList>
                                <fileNameFilter>
                                    <logic>matches</logic>
                                    <pattern>*</pattern>
                                </fileNameFilter>
                            </onPackingFilterList>
                        </distributionDirectory>
                    </distributionFileList>
                </folder>
                <folder>
                    <description>Program Files</description>
                    <destination>${installdir}</destination>
                    <name>programfileswindows</name>
                    <platforms>windows</platforms>
                    <distributionFileList>
                        <distributionDirectory>
                            <origin>C:/Panconvert_Binaries/dist/Panconvert_Win32</origin>
                            <onPackingFilterList>
                                <fileNameFilter>
                                    <logic>matches</logic>
                                    <pattern>*</pattern>
                                </fileNameFilter>
                            </onPackingFilterList>
                        </distributionDirectory>
                        <distributionFile>
                            <origin>C:/Program Files/Pandoc/pandoc.exe</origin>
                        </distributionFile>
                    </distributionFileList>
                </folder>
                <folder>
                    <description>Program Files</description>
                    <destination>${installdir}</destination>
                    <name>programfilesosx</name>
                    <platforms>osx</platforms>
                    <distributionFileList>
                        <distributionFile>
                            <origin>C:/Panconvert_Binaries/dist/Panconvert.app</origin>
                        </distributionFile>
                        <distributionFile>
                            <origin>C:/Users/apaeffgen/Library/Haskell/bin/pandoc</origin>
                        </distributionFile>
                    </distributionFileList>
                </folder>
            </folderList>
            <startMenuShortcutList>
                <startMenuShortcut>
                    <comment>Uninstall ${product_fullname}</comment>
                    <name>Uninstall ${product_fullname}</name>
                    <runAsAdmin>0</runAsAdmin>
                    <runInTerminal>0</runInTerminal>
                    <windowsExec>${installdir}/${uninstallerName}.exe</windowsExec>
                    <windowsExecArgs></windowsExecArgs>
                    <windowsIcon></windowsIcon>
                    <windowsPath>${installdir}/</windowsPath>
                </startMenuShortcut>
                <startMenuShortcut>
                    <comment></comment>
                    <name>Panconvert_0.2.8</name>
                    <runAsAdmin>0</runAsAdmin>
                    <runInTerminal>0</runInTerminal>
                    <windowsExec>${installdir}/Panconvert_Win32/${product_fullname}.exe</windowsExec>
                    <windowsExecArgs></windowsExecArgs>
                    <windowsIcon></windowsIcon>
                    <windowsPath></windowsPath>
                </startMenuShortcut>
            </startMenuShortcutList>
        </component>
    </componentList>
    <postInstallationActionList>
        <createShortcuts>
            <destination>${installdir}</destination>
            <explanation>Creating Panconvert-Shortcuts</explanation>
            <shortcutList>
                <linkShortcut>
                    <comment></comment>
                    <icon></icon>
                    <name>Panconvert</name>
                    <platforms>linux-x64</platforms>
                    <runAsAdmin>0</runAsAdmin>
                    <runInTerminal>0</runInTerminal>
                    <url>${installdir}/Panconvert_Linux64bit/${product_fullname}</url>
                    <windowsIcon></windowsIcon>
                </linkShortcut>
            </shortcutList>
        </createShortcuts>
    </postInstallationActionList>
    <enableRollback>1</enableRollback>
    <enableTimestamp>1</enableTimestamp>
    <vendor>Andreas Paeffgen</vendor>
    <parameterList>
        <directoryParameter>
            <name>installdir</name>
            <description>Installer.Parameter.installdir.description</description>
            <explanation>Installer.Parameter.installdir.explanation</explanation>
            <value></value>
            <default>${platform_install_prefix}/${product_shortname}</default>
            <allowEmptyValue>0</allowEmptyValue>
            <cliOptionName>prefix</cliOptionName>
            <mustBeWritable>1</mustBeWritable>
            <mustExist>0</mustExist>
            <width>30</width>
        </directoryParameter>
    </parameterList>
</project>

